GeoFIPS,GeoName,Region,TableName,LineCode,IndustryClassification,Description,Unit,1969,1970,1971,1972,1973,1974,1975,1976,1977,1978,1979,1980,1981,1982,1983,1984,1985,1986,1987,1988,1989,1990,1991,1992,1993,1994,1995,1996,1997,1998,1999,2000,2001,2002,2003,2004,2005,2006,2007,2008,2009,2010,2011,2012,2013,2014,2015,2016,2017,2018
 "11244","Anaheim-Santa Ana-Irvine, CA (Metropolitan Division)", ,CAINC1,1,"...","Personal income (thousands of dollars)","Thousands of dollars",6636881,7268635,7840175,8874824,10019419,11328476,12763654,14533896,16687152,19434975,22419698,25861219,29498713,31303477,33748741,37900312,41259710,44494951,48259164,52814807,56878330,60264357,62297569,65961473,67381872,69577422,73434653,78878757,85557767,92871623,98909248,108747388,112986188,115662758,122349748,130117352,139108980,149467494,150311550,147943088,139816905,150142961,157105840,170496109,170061957,178946153,193081245,200026649,208949975,220684684
 "11244","Anaheim-Santa Ana-Irvine, CA (Metropolitan Division)", ,CAINC1,2,"...","Population (persons) 1/","Number of persons",1376796,1432621,1484217,1536789,1607146,1669064,1725693,1772685,1812147,1853136,1891962,1948067,2004806,2045925,2088886,2123362,2171930,2228895,2281486,2333101,2383920,2418986,2452691,2497014,2532639,2566599,2603678,2643996,2709277,2773187,2815933,2854513,2885457,2908245,2929376,2941711,2940055,2932261,2931629,2957593,2987177,3016559,3050867,3080419,3108009,3130322,3153962,3170707,3179950,3185968
 "11244","Anaheim-Santa Ana-Irvine, CA (Metropolitan Division)", ,CAINC1,3,"...","Per capita personal income (dollars) 2/","Dollars",4821,5074,5282,5775,6234,6787,7396,8199,9208,10488,11850,13275,14714,15300,16156,17849,18997,19963,21153,22637,23859,24913,25400,26416,26605,27109,28204,29833,31580,33489,35125,38097,39157,39771,41766,44232,47315,50973,51272,50021,46806,49773,51495,55348,54717,57165,61219,63086,65709,69268
 "14454","Boston, MA (Metropolitan Division)", ,CAINC1,1,"...","Personal income (thousands of dollars)","Thousands of dollars",7457246,8075870,8613585,9237239,9910593,10714249,11459654,12292229,13335415,14664641,16284936,18256820,20220596,22175777,24212151,27301546,29556203,31803221,34781600,38580242,41030809,42313456,42983054,45181843,47058244,49472621,52509199,55948353,59531466,63361089,67977093,75705184,79629582,79002734,80417677,85540365,90225112,98784172,103313302,106604883,106881925,114957000,118730767,123491886,124286043,130696967,140118065,147337363,156208663,165583381
 "14454","Boston, MA (Metropolitan Division)", ,CAINC1,2,"...","Population (persons) 1/","Number of persons",1661816,1677527,1684845,1697497,1692363,1703019,1699488,1692934,1689699,1670251,1666370,1664772,1671345,1673243,1687722,1697982,1710442,1718509,1721100,1724841,1723164,1715912,1710981,1711722,1724209,1735032,1756891,1766871,1779658,1792466,1806436,1817741,1831591,1837285,1834357,1828912,1824430,1827392,1838201,1854275,1875253,1894788,1913010,1933567,1953892,1972803,1986895,2002540,2017741,2030772
 "14454","Boston, MA (Metropolitan Division)", ,CAINC1,3,"...","Per capita personal income (dollars) 2/","Dollars",4487,4814,5112,5442,5856,6291,6743,7261,7892,8780,9773,10967,12098,13253,14346,16079,17280,18506,20209,22367,23811,24659,25122,26396,27293,28514,29888,31665,33451,35349,37631,41648,43476,43000,43840,46771,49454,54057,56203,57491,56996,60670,62065,63867,63609,66249,70521,73575,77418,81537
 "15764","Cambridge-Newton-Framingham, MA (Metropolitan Division)", ,CAINC1,1,"...","Personal income (thousands of dollars)","Thousands of dollars",9069059,9833430,10494511,11335876,12304766,13238892,14115979,15122301,16446192,18126578,20144156,22866962,25845621,28539184,31015611,35254226,38149330,41192053,44212087,48651178,51058463,52549855,53428540,56528113,58760377,61558903,65543819,70010244,74469829,79777738,85600663,96891689,98624874,97302309,98765125,103136916,107792059,116208300,123254603,128529118,125493288,130151426,138554995,145044597,146602363,155458795,166235926,170350077,178258107,188678903
 "15764","Cambridge-Newton-Framingham, MA (Metropolitan Division)", ,CAINC1,2,"...","Population (persons) 1/","Number of persons",2020977,2040862,2055222,2057763,2056914,2025460,2010501,2004624,1999103,2007315,2003954,2004038,2012634,2016972,2026590,2041484,2054735,2052643,2054968,2061788,2069099,2070317,2070567,2076928,2085413,2095816,2110617,2128769,2148124,2165195,2178426,2192273,2203227,2200720,2195627,2189015,2183745,2185983,2193770,2211410,2233850,2253172,2276207,2300255,2324987,2347015,2362950,2375605,2390154,2405352
 "15764","Cambridge-Newton-Framingham, MA (Metropolitan Division)", ,CAINC1,3,"...","Per capita personal income (dollars) 2/","Dollars",4487,4818,5106,5509,5982,6536,7021,7544,8227,9030,10052,11410,12842,14150,15304,17269,18567,20068,21515,23597,24677,25383,25804,27217,28177,29372,31054,32888,34667,36846,39295,44197,44764,44214,44983,47116,49361,53161,56184,58121,56178,57764,60871,63056,63055,66237,70351,71708,74580,78441
 "15804","Camden, NJ (Metropolitan Division)", ,CAINC1,1,"...","Personal income (thousands of dollars)","Thousands of dollars",3842629,4160716,4556739,5007121,5460124,5977915,6496599,7139252,7794480,8707646,9714788,10965848,12182343,13132314,14224370,15573202,16791626,17960673,19309826,21052898,22623592,23730251,24384140,26076392,26823144,27724442,28871829,30286295,32187549,33814825,35418496,37859615,39766502,41333841,43300452,45397474,47173264,50298908,52318722,54550180,54397256,55443269,57646007,58861072,59544949,61718590,64415084,65972135,67951120,71055003
 "15804","Camden, NJ (Metropolitan Division)", ,CAINC1,2,"...","Population (persons) 1/","Number of persons",934378,958069,981388,999328,993166,993518,1001489,1011062,1016545,1021852,1031774,1036911,1046134,1054491,1055815,1066025,1072432,1082260,1094796,1110613,1121090,1130838,1140109,1144652,1149616,1157700,1165224,1169582,1174119,1177697,1182488,1187684,1194836,1207253,1218442,1228399,1234349,1241583,1245192,1246756,1248421,1251544,1252353,1251913,1248698,1247308,1245530,1243830,1242389,1243870
 "15804","Camden, NJ (Metropolitan Division)", ,CAINC1,3,"...","Per capita personal income (dollars) 2/","Dollars",4112,4343,4643,5010,5498,6017,6487,7061,7668,8521,9416,10575,11645,12454,13472,14609,15658,16596,17638,18956,20180,20985,21388,22781,23332,23948,24778,25895,27414,28713,29953,31877,33282,34238,35538,36957,38217,40512,42017,43754,43573,44300,46030,47017,47686,49481,51717,53040,54694,57124
 "16984","Chicago-Naperville-Evanston, IL (Metropolitan Division)", ,CAINC1,1,"...","Personal income (thousands of dollars)","Thousands of dollars",30213730,32162318,34331126,37018261,40636073,44404756,47453163,51989396,57391887,63398590,69265850,75766979,83217097,88092686,92762901,101632548,107112154,113545748,120733013,131490750,138459060,147601584,151195004,162725531,168784827,177306991,189567317,201028805,213463874,227732409,238320552,257485455,264326589,266516457,268999523,278438082,291849061,311659554,330775068,334836637,312869158,320133011,335123324,354528688,363529765,388201958,407364131,411613620,425307179,446425623
 "16984","Chicago-Naperville-Evanston, IL (Metropolitan Division)", ,CAINC1,2,"...","Population (persons) 1/","Number of persons",6325350,6377728,6423066,6431450,6414633,6409930,6410180,6422364,6440312,6444025,6417335,6413939,6396284,6411227,6413174,6436190,6435726,6440278,6449929,6445539,6454907,6472654,6544873,6626705,6699785,6764834,6821180,6876521,6926049,6984515,7042203,7086119,7108074,7109675,7109926,7101302,7085064,7072123,7079001,7099433,7127199,7155226,7184156,7210202,7229051,7234374,7225782,7206385,7184807,7160934
 "16984","Chicago-Naperville-Evanston, IL (Metropolitan Division)", ,CAINC1,3,"...","Per capita personal income (dollars) 2/","Dollars",4777,5043,5345,5756,6335,6927,7403,8095,8911,9838,10794,11813,13010,13740,14464,15791,16643,17631,18719,20400,21450,22804,23101,24556,25193,26210,27791,29234,30820,32605,33842,36337,37187,37486,37834,39209,41192,44069,46726,47164,43898,44741,46648,49170,50287,53661,56376,57118,59195,62342
 "19124","Dallas-Plano-Irving, TX (Metropolitan Division)", ,CAINC1,1,"...","Personal income (thousands of dollars)","Thousands of dollars",6594364,7196856,7769073,8649673,9717365,10952658,12127681,13488278,15081959,17605398,20367478,23635105,27285455,30575070,33953493,38825279,43156970,45668172,47156802,49602370,52965795,56613160,58588064,63115801,67321391,72269171,78104280,85750636,94117280,104569608,110885676,123553310,127822017,128248799,130118230,134484561,146032505,160982037,170971984,181484630,168318163,177669534,203291202,214218423,220234091,236527863,248295562,259504662,274967661,293143908
 "19124","Dallas-Plano-Irving, TX (Metropolitan Division)", ,CAINC1,2,"...","Population (persons) 1/","Number of persons",1550510,1608619,1639679,1658073,1701695,1748335,1781616,1824536,1858953,1904561,1955593,2027319,2079864,2148396,2217386,2289857,2379997,2465257,2509317,2532918,2573243,2635008,2702955,2764683,2833144,2903978,2980722,3071520,3173282,3277834,3376032,3464044,3563385,3628250,3683855,3740175,3812200,3920488,4006106,4087441,4172887,4247078,4332539,4430097,4507575,4605614,4711525,4816318,4916807,5007190
 "19124","Dallas-Plano-Irving, TX (Metropolitan Division)", ,CAINC1,3,"...","Per capita personal income (dollars) 2/","Dollars",4253,4474,4738,5217,5710,6265,6807,7393,8113,9244,10415,11658,13119,14232,15312,16955,18133,18525,18793,19583,20583,21485,21676,22829,23762,24886,26203,27918,29659,31902,32845,35667,35871,35347,35321,35957,38307,41062,42678,44401,40336,41833,46922,48355,48859,51356,52700,53880,55924,58545
 "19804","Detroit-Dearborn-Livonia, MI (Metropolitan Division)", ,CAINC1,1,"...","Personal income (thousands of dollars)","Thousands of dollars",11417207,11844429,12606838,13840658,15209213,16001805,16583676,18051114,19790029,21594210,23066770,24276066,25069251,25739309,27060871,29496978,31552271,33274160,33923357,35817069,37600158,38855940,38812019,40410254,42053860,44417974,46394049,48337714,50041540,51991646,54095513,57537394,57085228,55751000,57084028,58062166,58850370,59262274,60404932,60170794,57608606,58973262,61938193,62830257,62550459,65409069,69331984,71370634,72208915,75316539
 "19804","Detroit-Dearborn-Livonia, MI (Metropolitan Division)", ,CAINC1,2,"...","Population (persons) 1/","Number of persons",2685171,2669498,2669002,2652526,2593652,2551110,2510027,2461675,2416944,2383799,2353175,2326366,2275169,2231999,2199498,2181158,2172791,2168060,2161103,2136061,2122313,2107915,2111811,2114839,2113713,2109434,2111313,2113482,2100674,2085111,2072114,2057255,2043167,2025133,2006154,1983830,1960263,1932490,1900992,1865058,1837536,1815155,1803100,1795973,1780371,1771931,1764726,1760095,1756264,1753893
 "19804","Detroit-Dearborn-Livonia, MI (Metropolitan Division)", ,CAINC1,3,"...","Per capita personal income (dollars) 2/","Dollars",4252,4437,4723,5218,5864,6272,6607,7333,8188,9059,9802,10435,11019,11532,12303,13524,14522,15347,15697,16768,17717,18433,18379,19108,19896,21057,21974,22871,23822,24935,26106,27968,27940,27530,28454,29268,30022,30666,31775,32262,31351,32489,34351,34984,35133,36914,39288,40549,41115,42942
 "20994","Elgin, IL (Metropolitan Division)", ,CAINC1,1,"...","Personal income (thousands of dollars)","Thousands of dollars",1486198,1583964,1716639,1895375,2135488,2377703,2582377,2818401,3129993,3529576,3904219,4235093,4699769,5041219,5236376,5893700,6194943,6539013,7031620,7709717,8415052,9022435,9268646,10022237,10660907,11367601,12016901,12864400,13766820,14545802,15463961,16755321,18188368,18752424,19682570,20847010,22356862,24409728,26416365,27581607,26887594,27888638,29548844,30417144,31263466,32346514,33720956,34764891,36024091,37957288
 "20994","Elgin, IL (Metropolitan Division)", ,CAINC1,2,"...","Population (persons) 1/","Number of persons",342037,349983,354311,359232,362507,367498,371486,374570,378438,383969,387661,390895,392843,390789,391737,396339,399538,405076,411308,419447,426942,437346,445581,453903,463309,473116,484729,498077,510956,523530,537226,552395,572957,594911,615765,636713,654929,677356,700415,717597,728909,736668,740462,743502,746736,752011,756421,760039,763579,766274
 "20994","Elgin, IL (Metropolitan Division)", ,CAINC1,3,"...","Per capita personal income (dollars) 2/","Dollars",4345,4526,4845,5276,5891,6470,6951,7524,8271,9192,10071,10834,11963,12900,13367,14870,15505,16143,17096,18381,19710,20630,20801,22080,23010,24027,24791,25828,26943,27784,28785,30332,31745,31521,31964,32742,34136,36037,37715,38436,36887,37858,39906,40911,41867,43013,44580,45741,47178,49535
 "22744","Fort Lauderdale-Pompano Beach-Sunrise, FL (Metropolitan Division)", ,CAINC1,1,"...","Personal income (thousands of dollars)","Thousands of dollars",2675154,3118538,3520434,4089819,4924591,5644813,6065120,6676281,7645626,8937143,10447517,12484076,14506919,15295133,16613454,18436194,19869837,21304437,22959583,24886528,27689833,29339770,29918045,31486577,33713473,35439523,38025033,40267788,41851481,45344373,47240899,50938378,53626286,55539147,57584638,61309730,66369584,70272973,72360257,70317588,66463454,71456951,74164340,76178577,75173437,80602340,86913646,88750176,92810970,98087689
 "22744","Fort Lauderdale-Pompano Beach-Sunrise, FL (Metropolitan Division)", ,CAINC1,2,"...","Population (persons) 1/","Number of persons",595651,627868,668172,709571,767161,840565,869237,884654,907017,942583,986452,1026062,1055347,1076762,1095086,1110862,1132921,1154494,1180921,1208428,1233040,1263301,1296261,1325375,1372526,1412641,1447124,1481333,1522179,1560649,1594130,1630600,1662848,1690118,1707543,1725461,1746896,1739348,1720825,1723633,1733310,1752834,1786955,1814489,1837055,1861602,1885443,1912977,1934471,1951260
 "22744","Fort Lauderdale-Pompano Beach-Sunrise, FL (Metropolitan Division)", ,CAINC1,3,"...","Per capita personal income (dollars) 2/","Dollars",4491,4967,5269,5764,6419,6715,6978,7547,8429,9482,10591,12167,13746,14205,15171,16596,17539,18453,19442,20594,22457,23225,23080,23757,24563,25087,26276,27183,27494,29055,29634,31239,32250,32861,33724,35532,37993,40402,42050,40796,38345,40767,41503,41983,40921,43297,46097,46394,47977,50269
 "23104","Fort Worth-Arlington-Grapevine, TX (Metropolitan Division)", ,CAINC1,1,"...","Personal income (thousands of dollars)","Thousands of dollars",3110553,3313911,3467581,3796457,4239446,4842402,5482184,6175285,6920488,7954804,9275204,10822550,12455679,13661448,15097755,17074968,18925802,20015534,20832270,22285584,23673274,26253270,27342959,29247491,30748784,32348269,34418122,36902034,40368165,44304685,46986741,51235936,54652131,55716580,57294437,60510011,66670806,73922738,77976814,85796432,80798009,84373742,88951172,95711824,97923043,107153925,109208052,109465709,116974933,124336646
 "23104","Fort Worth-Arlington-Grapevine, TX (Metropolitan Division)", ,CAINC1,2,"...","Population (persons) 1/","Number of persons",780315,816219,828652,825316,835419,859700,872987,899044,916431,937057,968706,1008164,1038983,1082857,1123169,1166272,1216201,1266638,1305310,1326065,1344629,1374522,1406369,1429618,1451713,1484119,1515452,1551044,1591973,1634973,1678673,1723078,1763586,1804121,1840082,1873245,1910244,1966462,2018935,2065329,2109597,2145181,2178074,2215652,2248508,2287263,2333845,2381258,2424136,2462968
 "23104","Fort Worth-Arlington-Grapevine, TX (Metropolitan Division)", ,CAINC1,3,"...","Per capita personal income (dollars) 2/","Dollars",3986,4060,4185,4600,5075,5633,6280,6869,7552,8489,9575,10735,11988,12616,13442,14641,15561,15802,15960,16806,17606,19100,19442,20458,21181,21796,22711,23792,25357,27098,27990,29735,30989,30883,31137,32302,34902,37592,38623,41541,38300,39332,40839,43198,43550,46848,46793,45970,48254,50482
 "23224","Frederick-Gaithersburg-Rockville, MD (Metropolitan Division)", ,CAINC1,1,"...","Personal income (thousands of dollars)","Thousands of dollars",3626300,4125714,4601404,5026980,5529564,6002676,6524895,7176715,7789128,8631345,9501107,10626175,12000265,13245005,14325140,16229347,17836035,19545099,21493857,23955404,26393057,27823264,28902061,30788092,32319869,33993488,35737342,37539790,39318377,43524922,46622633,52099452,55442355,57119456,59795748,64913573,68702745,71881179,73942954,78243859,76853153,80717396,86605567,89818705,87303815,89797484,96226428,101598549,104382919,110220866
 "23224","Frederick-Gaithersburg-Rockville, MD (Metropolitan Division)", ,CAINC1,2,"...","Population (persons) 1/","Number of persons",594231,609709,621574,641262,651150,657758,673573,679358,684630,692063,693927,697759,712005,721567,736840,758521,781447,807908,841386,873679,896155,911641,925675,941397,958610,972456,985765,998897,1018717,1034740,1053956,1074041,1094079,1112334,1124325,1132767,1142732,1150703,1159157,1172034,1189955,1210491,1229096,1245495,1257207,1269034,1279108,1287469,1299203,1308215
 "23224","Frederick-Gaithersburg-Rockville, MD (Metropolitan Division)", ,CAINC1,3,"...","Per capita personal income (dollars) 2/","Dollars",6103,6767,7403,7839,8492,9126,9687,10564,11377,12472,13692,15229,16854,18356,19441,21396,22824,24192,25546,27419,29451,30520,31223,32705,33715,34956,36253,37581,38596,42064,44236,48508,50675,51351,53184,57305,60121,62467,63790,66759,64585,66682,70463,72115,69443,70761,75229,78913,80344,84253
 "23844","Gary, IN (Metropolitan Division)", ,CAINC1,1,"...","Personal income (thousands of dollars)","Thousands of dollars",2595009,2703798,2859574,3136694,3558139,3944984,4244631,4727912,5289325,5934826,6592857,6881485,7586029,7665552,7692427,8103376,8426917,8545370,9112678,9865172,10791134,11402882,11720772,12507277,13142631,13961719,14673489,15594313,16371530,17417094,18145843,18990801,19055565,19206100,19883726,20890447,21827467,23242589,24413490,25464144,24150038,24898486,26294347,27493018,27517214,28311255,29341437,30178684,31362711,32894999
 "23844","Gary, IN (Metropolitan Division)", ,CAINC1,2,"...","Population (persons) 1/","Number of persons",659603,667155,674012,671376,676703,675446,675591,678561,680074,682754,686502,682734,677297,672609,663403,656791,649599,638517,633749,635284,639835,644256,650163,654610,658460,662051,665941,668507,671274,673144,674810,676510,677601,679519,682906,686958,691802,696772,701506,705520,706846,708169,707902,706636,705708,705755,702715,701122,700810,701386
 "23844","Gary, IN (Metropolitan Division)", ,CAINC1,3,"...","Per capita personal income (dollars) 2/","Dollars",3934,4053,4243,4672,5258,5841,6283,6968,7778,8692,9604,10079,11200,11397,11595,12338,12972,13383,14379,15529,16865,17699,18027,19106,19960,21089,22034,23327,24389,25874,26890,28072,28122,28264,29116,30410,31552,33358,34802,36093,34166,35159,37144,38907,38992,40115,41754,43043,44752,46900
 "29404","Lake County-Kenosha County, IL-WI (Metropolitan Division)", ,CAINC1,1,"...","Personal income (thousands of dollars)","Thousands of dollars",2442694,2591987,2785938,3073353,3403270,3825686,4153497,4657022,5206674,5855045,6544088,7287655,8125052,8747211,9340715,10452806,11205799,12052560,13157230,14570895,15904820,17590313,17986921,19882725,20735970,22132476,24214907,26043015,27718757,29994637,31919501,35188965,36849518,37405191,38185560,39709027,41797444,45049466,47151784,47755808,44582333,45761047,48429271,52156009,51951058,54796833,57888391,58511504,59645320,62992234
 "29404","Lake County-Kenosha County, IL-WI (Metropolitan Division)", ,CAINC1,2,"...","Population (persons) 1/","Number of persons",492374,500979,504009,510433,512345,520544,531384,539483,548694,557132,563758,565375,571703,572852,576266,578603,587207,594227,604073,616486,631450,648954,663943,677570,691357,705734,721533,739148,754440,768001,781415,798210,810948,821927,824706,835703,844507,851498,856218,862005,866544,870817,868471,869433,871773,872474,872962,872598,871588,870122
 "29404","Lake County-Kenosha County, IL-WI (Metropolitan Division)", ,CAINC1,3,"...","Per capita personal income (dollars) 2/","Dollars",4961,5174,5528,6021,6643,7349,7816,8632,9489,10509,11608,12890,14212,15270,16209,18066,19083,20283,21781,23635,25188,27106,27091,29344,29993,31361,33560,35234,36741,39055,40848,44085,45440,45509,46302,47516,49493,52906,55070,55401,51448,52550,55764,59989,59592,62806,66313,67054,68433,72395
 "31084","Los Angeles-Long Beach-Glendale, CA (Metropolitan Division)", ,CAINC1,1,"...","Personal income (thousands of dollars)","Thousands of dollars",33686644,35629674,37121848,40108100,43160005,47427380,51826029,56997723,62721460,70963500,79718877,89439394,100498267,107017122,114723500,126323970,135991037,145247377,156541571,167604195,177107568,190966436,193296048,201832265,203189504,207892571,215981745,227176765,237616263,258365051,270176180,286172845,297567198,306205735,321774548,342799954,364811800,394672557,411722452,422753721,409725253,428230025,458957708,492050220,491228472,524856923,560086671,578154382,597597564,628808732
 "31084","Los Angeles-Long Beach-Glendale, CA (Metropolitan Division)", ,CAINC1,2,"...","Population (persons) 1/","Number of persons",6989910,7042756,7103651,7056632,7040446,7085800,7116806,7211683,7251637,7351757,7401021,7506544,7608796,7767422,7920955,8041685,8182906,8393640,8553844,8667680,8793710,8878157,8948125,9055424,9100159,9096608,9089015,9127042,9206538,9313589,9437290,9538191,9626034,9705913,9767145,9793263,9786373,9737955,9700359,9735147,9787400,9822433,9876727,9938436,9998105,10048408,10097037,10120540,10118759,10105518
 "31084","Los Angeles-Long Beach-Glendale, CA (Metropolitan Division)", ,CAINC1,3,"...","Per capita personal income (dollars) 2/","Dollars",4819,5059,5226,5684,6130,6693,7282,7904,8649,9653,10771,11915,13208,13778,14484,15709,16619,17304,18301,19337,20140,21510,21602,22289,22328,22854,23763,24891,25810,27741,28629,30003,30913,31548,32945,35004,37278,40529,42444,43426,41863,43597,46469,49510,49132,52233,55470,57127,59058,62224
 "33124","Miami-Miami Beach-Kendall, FL (Metropolitan Division)", ,CAINC1,1,"...","Personal income (thousands of dollars)","Thousands of dollars",5166730,5873893,6482781,7372479,8435670,9338516,9948188,10661954,11684776,13158675,14893702,17196814,19542180,20719613,22206829,24064743,25655711,27073669,29060096,31220350,33995482,35643712,36947561,38615685,40528697,42109313,44826755,47269681,49329210,52739379,55460667,60135660,64702089,67107084,69240316,74881769,81381738,89240479,92614163,93033991,85787430,95805838,100148724,103220841,103504316,111907652,119434694,119576094,131241442,138138976
 "33124","Miami-Miami Beach-Kendall, FL (Metropolitan Division)", ,CAINC1,2,"...","Population (persons) 1/","Number of persons",1249884,1274947,1325047,1377443,1409557,1448689,1493298,1511635,1530783,1542038,1584586,1643132,1710380,1727093,1744006,1755583,1776908,1801410,1831362,1868311,1908921,1943717,1981618,2011174,2010635,2044512,2086286,2130937,2158352,2180081,2220961,2259508,2287458,2315747,2336070,2358684,2385872,2405911,2415576,2436062,2463943,2507065,2569856,2602184,2635640,2660389,2688156,2722574,2744878,2761581
 "33124","Miami-Miami Beach-Kendall, FL (Metropolitan Division)", ,CAINC1,3,"...","Per capita personal income (dollars) 2/","Dollars",4134,4607,4892,5352,5985,6446,6662,7053,7633,8533,9399,10466,11426,11997,12733,13708,14438,15029,15868,16710,17809,18338,18645,19201,20157,20596,21486,22183,22855,24191,24971,26614,28286,28979,29640,31747,34110,37092,38340,38190,34817,38214,38971,39667,39271,42064,44430,43920,47813,50022
 "33874","Montgomery County-Bucks County-Chester County, PA (Metropolitan Division)", ,CAINC1,1,"...","Personal income (thousands of dollars)","Thousands of dollars",6544288,6956515,7419376,8146368,9021896,9989503,10863416,12044732,13345530,14616759,16304083,18245632,20506456,22299601,23805947,26314130,28510598,30677379,33234504,36862332,40591412,43123412,44652369,47543498,50038598,52683671,56419613,60271440,64369482,69836959,73265924,80374368,84229803,85522496,88885030,95157896,99793548,106934734,111296881,107415664,105484121,111905592,119968520,127356543,125953763,133097154,139370339,142646039,147050311,156179174
 "33874","Montgomery County-Bucks County-Chester County, PA (Metropolitan Division)", ,CAINC1,2,"...","Population (persons) 1/","Number of persons",1286674,1321961,1338367,1346735,1365318,1373325,1386805,1396848,1404812,1411409,1422417,1443499,1457705,1465809,1475144,1488591,1499506,1520075,1545943,1570427,1584686,1600989,1619425,1635394,1653693,1672753,1693588,1712602,1727356,1747582,1766685,1785723,1803299,1821055,1837951,1853158,1866209,1880200,1892662,1904020,1916433,1926236,1934573,1940167,1946881,1954066,1957876,1962822,1970524,1978845
 "33874","Montgomery County-Bucks County-Chester County, PA (Metropolitan Division)", ,CAINC1,3,"...","Per capita personal income (dollars) 2/","Dollars",5086,5262,5544,6049,6608,7274,7833,8623,9500,10356,11462,12640,14068,15213,16138,17677,19013,20181,21498,23473,25615,26935,27573,29072,30259,31495,33314,35193,37265,39962,41471,45009,46709,46963,48361,51349,53474,56874,58804,56415,55042,58095,62013,65642,64695,68113,71184,72674,74625,78924
 "35004","Nassau County-Suffolk County, NY (Metropolitan Division)", ,CAINC1,1,"...","Personal income (thousands of dollars)","Thousands of dollars",12778047,13691838,14770994,16067961,17345538,18776145,20409159,21805712,23767674,26334501,29349628,33519620,37520297,40883000,44170090,49682800,53131424,56523366,60335982,65548524,70537305,74235354,74889640,78551307,81018204,84177748,88008109,92858993,99497767,104580327,109988942,119108584,122974898,122992974,125068770,131497353,138598578,148315798,158405558,161879359,157350431,163568660,170895046,182095145,180984616,188163982,196511557,202686358,212721460,223660292
 "35004","Nassau County-Suffolk County, NY (Metropolitan Division)", ,CAINC1,2,"...","Population (persons) 1/","Number of persons",2516514,2562941,2574207,2582071,2585084,2570413,2594078,2600199,2603331,2601407,2601014,2605794,2600771,2603666,2621052,2623486,2621546,2618616,2615404,2623149,2618626,2609591,2619849,2636238,2651210,2662500,2674341,2684165,2695414,2713679,2736976,2760794,2779574,2796317,2810610,2816179,2810005,2800531,2797303,2805347,2819294,2836072,2845014,2846760,2849888,2850786,2847597,2843267,2841235,2839436
 "35004","Nassau County-Suffolk County, NY (Metropolitan Division)", ,CAINC1,3,"...","Per capita personal income (dollars) 2/","Dollars",5078,5342,5738,6223,6710,7305,7868,8386,9130,10123,11284,12863,14427,15702,16852,18938,20267,21585,23069,24988,26937,28447,28585,29797,30559,31616,32908,34595,36914,38538,40186,43143,44242,43984,44499,46694,49323,52960,56628,57704,55812,57674,60068,63966,63506,66004,69010,71286,74869,78769
 "35084","Newark, NJ-PA (Metropolitan Division)", ,CAINC1,1,"...","Personal income (thousands of dollars)","Thousands of dollars",9718818,10516322,11230018,12080440,12968035,13944399,14989792,16167421,17604487,19439147,21488219,24169880,26978924,29121381,31349116,34589944,36789341,39193525,42170647,46212547,49195540,51608293,52482248,56717590,58891688,60606373,64885643,68808586,72902837,78313297,81941518,91607070,94620367,94940516,97888337,101860317,105410533,113085340,119642533,122753097,118434710,122552043,127724355,131795379,133740987,140191097,145874682,149761043,154868291,163444515
 "35084","Newark, NJ-PA (Metropolitan Division)", ,CAINC1,2,"...","Population (persons) 1/","Number of persons",1995650,2021361,2044052,2040816,2035170,2021703,2015291,2010118,1998792,1995827,1993529,1984616,1980127,1975787,1978385,1979702,1983060,1984504,1983577,1978599,1970314,1962745,1970336,1985798,2003326,2016186,2027179,2040280,2053489,2069198,2086199,2100376,2112108,2123151,2130810,2132000,2130238,2128310,2128106,2131769,2140678,2147738,2152867,2153775,2157243,2158323,2159049,2161630,2166742,2173508
 "35084","Newark, NJ-PA (Metropolitan Division)", ,CAINC1,3,"...","Per capita personal income (dollars) 2/","Dollars",4870,5203,5494,5919,6372,6897,7438,8043,8808,9740,10779,12179,13625,14739,15846,17472,18552,19750,21260,23356,24968,26294,26636,28562,29397,30060,32008,33725,35502,37847,39278,43615,44799,44717,45939,47777,49483,53134,56220,57583,55326,57061,59328,61193,61996,64954,67564,69282,71475,75198
 "35154","New Brunswick-Lakewood, NJ (Metropolitan Division)", ,CAINC1,1,"...","Personal income (thousands of dollars)","Thousands of dollars",6347328,6990400,7733632,8559677,9517575,10464392,11440194,12545231,13947769,15693231,17670474,20052503,22543738,24546989,26601373,29799135,32261518,34992020,38136408,42249750,45428563,47997362,49537321,53199848,55380771,57645180,61426646,65377541,70143101,75789027,79862588,88393378,91902778,93073367,95786414,100446361,104417801,111862582,119005257,122211026,117422697,120146077,127057706,132851557,134174382,140385919,146252438,151204744,157836419,166817620
 "35154","New Brunswick-Lakewood, NJ (Metropolitan Division)", ,CAINC1,2,"...","Population (persons) 1/","Number of persons",1418193,1460078,1490957,1522506,1541802,1558828,1572243,1582124,1598122,1619494,1639076,1652792,1667869,1684586,1704976,1730518,1764538,1803551,1841733,1870861,1887678,1903766,1923031,1947726,1974324,2001554,2031528,2059799,2090337,2120767,2150801,2182098,2207361,2235136,2256381,2271873,2283796,2290119,2301265,2314880,2328560,2342804,2349186,2354211,2359870,2363787,2367002,2370179,2376181,2383854
 "35154","New Brunswick-Lakewood, NJ (Metropolitan Division)", ,CAINC1,3,"...","Per capita personal income (dollars) 2/","Dollars",4476,4788,5187,5622,6173,6713,7276,7929,8728,9690,10781,12133,13516,14572,15602,17220,18283,19402,20707,22583,24066,25212,25760,27314,28050,28800,30237,31740,33556,35737,37132,40508,41635,41641,42451,44213,45721,48846,51713,52794,50427,51283,54086,56431,56857,59390,61788,63795,66424,69978
 "35614","New York-Jersey City-White Plains, NY-NJ (Metropolitan Division)", ,CAINC1,1,"...","Personal income (thousands of dollars)","Thousands of dollars",55040405,59197767,62675545,66719037,70170283,75153600,80666488,85054553,91444246,99212124,107359554,119040791,133187429,144536030,156771549,172720494,185272778,198593807,213629172,237081877,255390604,275605249,271779141,288937425,297548013,307133876,327267543,347733239,369142750,392904609,417950242,453523049,471992728,468631240,470058880,491813615,513994345,561874891,611668936,617682086,601259751,627554017,668940116,705303903,717902440,755256201,789552702,821770865,884401514,926310554
 "35614","New York-Jersey City-White Plains, NY-NJ (Metropolitan Division)", ,CAINC1,2,"...","Population (persons) 1/","Number of persons",10990129,11044900,11053344,10980425,10812795,10706249,10596774,10520315,10383870,10251716,10166506,10134691,10154424,10175391,10260208,10324979,10361785,10403487,10417555,10424256,10403769,10412800,10465788,10544951,10644364,10727084,10811451,10897464,10996288,11104280,11218453,11312936,11377721,11399982,11401002,11377819,11344791,11319792,11345651,11420359,11511625,11597179,11705398,11797077,11863884,11914446,11956027,11970744,11941540,11907010
 "35614","New York-Jersey City-White Plains, NY-NJ (Metropolitan Division)", ,CAINC1,3,"...","Per capita personal income (dollars) 2/","Dollars",5008,5360,5670,6076,6490,7020,7612,8085,8806,9678,10560,11746,13116,14204,15280,16728,17880,19089,20507,22743,24548,26468,25968,27401,27954,28632,30270,31910,33570,35383,37256,40089,41484,41108,41230,43226,45307,49637,53912,54086,52231,54113,57148,59786,60512,63390,66038,68648,74061,77795
 "36084","Oakland-Berkeley-Livermore, CA (Metropolitan Division)", ,CAINC1,1,"...","Personal income (thousands of dollars)","Thousands of dollars",7779807,8391110,8956041,9779719,10472160,11613588,12884716,14262688,15656445,17605486,19724931,22445332,25264709,27038993,29493381,32797831,35506631,37908225,40470502,44055167,47617284,50799241,52670590,56026807,58169323,60239838,63909222,68615594,73916040,80636899,87239162,99866511,103284807,102548469,105052123,110180756,115232657,124283095,129215253,132566774,125708800,129745614,139988575,149708107,154998386,166200687,182310666,193933302,206679563,222646436
 "36084","Oakland-Berkeley-Livermore, CA (Metropolitan Division)", ,CAINC1,2,"...","Population (persons) 1/","Number of persons",1606461,1630319,1647854,1667209,1663312,1673962,1679922,1699369,1714812,1729787,1742104,1768714,1793243,1819172,1850844,1877946,1908847,1940873,1969306,2010342,2055838,2115483,2141726,2171976,2191721,2203686,2218623,2243326,2283432,2327566,2364097,2402650,2440436,2441968,2441694,2438145,2440558,2445318,2464867,2500552,2536429,2565602,2596450,2631869,2674005,2718032,2759240,2787500,2802994,2816968
 "36084","Oakland-Berkeley-Livermore, CA (Metropolitan Division)", ,CAINC1,3,"...","Per capita personal income (dollars) 2/","Dollars",4843,5147,5435,5866,6296,6938,7670,8393,9130,10178,11322,12690,14089,14863,15935,17465,18601,19532,20551,21914,23162,24013,24593,25795,26540,27336,28806,30587,32371,34644,36902,41565,42322,41994,43024,45190,47216,50825,52423,53015,49561,50571,53915,56883,57965,61147,66073,69572,73735,79038
 "37964","Philadelphia, PA (Metropolitan Division)", ,CAINC1,1,"...","Personal income (thousands of dollars)","Thousands of dollars",10133080,10957303,11495346,12295342,12962517,13893512,14976479,15976672,17131880,18691405,20243910,21927104,23983938,25853009,27418422,29344185,31299775,32973767,34922909,36933081,39068914,41304042,42561572,44241183,45102174,45656385,47367449,49170493,50738031,53590358,55348491,58990597,59907142,60899434,63224231,67402122,69578242,73056700,81288988,89308902,85592735,89701528,93585015,100592823,104278823,108740112,112877424,119834121,118596173,125933493
 "37964","Philadelphia, PA (Metropolitan Division)", ,CAINC1,2,"...","Population (persons) 1/","Number of persons",2548662,2550036,2530486,2491488,2439156,2408204,2375058,2347845,2317469,2286797,2267222,2239843,2221595,2208270,2198541,2187923,2182326,2186691,2188779,2176162,2155789,2132326,2131073,2126671,2126617,2121864,2109520,2095137,2082765,2076852,2070884,2066099,2057496,2050422,2045913,2044390,2043014,2042516,2048225,2055977,2072788,2087275,2099550,2112553,2119899,2128352,2134419,2139880,2143708,2148889
 "37964","Philadelphia, PA (Metropolitan Division)", ,CAINC1,3,"...","Per capita personal income (dollars) 2/","Dollars",3976,4297,4543,4935,5314,5769,6306,6805,7392,8174,8929,9790,10796,11707,12471,13412,14342,15079,15955,16972,18123,19370,19972,20803,21208,21517,22454,23469,24361,25804,26727,28552,29117,29701,30903,32969,34057,35768,39688,43439,41294,42975,44574,47617,49190,51091,52884,56000,55323,58604
 "40484","Rockingham County-Strafford County, NH (Metropolitan Division)", ,CAINC1,1,"...","Personal income (thousands of dollars)","Thousands of dollars",776969,830876,912316,1021167,1154059,1263830,1383049,1573494,1794030,2082883,2413816,2797670,3205569,3575313,3972138,4460286,4980880,5493724,6056208,6741341,7212108,7399501,7563965,8000109,8276588,8793234,9380663,9931174,10737937,11763046,12590990,14477460,14890164,15151778,15557220,16518681,17295099,18319032,19121681,19509530,19020331,20023921,21326552,22512398,22657699,23965437,25342223,26354189,27806116,29402258
 "40484","Rockingham County-Strafford County, NH (Metropolitan Division)", ,CAINC1,2,"...","Population (persons) 1/","Number of persons",203099,210119,213693,225087,233641,241226,243515,249161,258670,266728,272301,277304,282857,286996,292336,299220,306668,317498,328729,338664,347221,351073,346602,349042,354076,358332,363287,369924,374914,380090,384881,391242,397314,402029,404739,407029,409871,413981,415867,417456,418117,418489,420250,422876,424442,428004,429908,432953,436702,439266
 "40484","Rockingham County-Strafford County, NH (Metropolitan Division)", ,CAINC1,3,"...","Per capita personal income (dollars) 2/","Dollars",3826,3954,4269,4537,4939,5239,5680,6315,6936,7809,8865,10089,11333,12458,13588,14906,16242,17303,18423,19906,20771,21077,21823,22920,23375,24539,25822,26847,28641,30948,32714,37004,37477,37688,38438,40584,42196,44251,45980,46734,45490,47848,50747,53236,53382,55993,58948,60871,63673,66935
 "41884","San Francisco-San Mateo-Redwood City, CA (Metropolitan Division)", ,CAINC1,1,"...","Personal income (thousands of dollars)","Thousands of dollars",7426961,8047234,8544447,9187107,9857329,10801483,11882251,12838883,13978954,15479242,17139753,19150562,21689799,23238077,25193284,27902390,29585472,31441578,32905850,36235892,38394317,40272655,42474338,44561843,46178471,47779898,51711320,56626790,59585058,67035700,74699708,87297492,85506554,81238072,81631940,87388924,95442659,106076818,112122455,113320937,109389967,114992261,124840803,139168813,141616376,156146338,171867936,182463476,197312781,212709192
 "41884","San Francisco-San Mateo-Redwood City, CA (Metropolitan Division)", ,CAINC1,2,"...","Population (persons) 1/","Number of persons",1278524,1269896,1264379,1259724,1267103,1266803,1261459,1266685,1261199,1260293,1261447,1269272,1278649,1291397,1311264,1326902,1348159,1358980,1364755,1367085,1371967,1373670,1385201,1397792,1409858,1417187,1426076,1441177,1460465,1472913,1479254,1485705,1486486,1470351,1459217,1451486,1453094,1458826,1472522,1494982,1515539,1525275,1544081,1568454,1588854,1608786,1629283,1640999,1647974,1652850
 "41884","San Francisco-San Mateo-Redwood City, CA (Metropolitan Division)", ,CAINC1,3,"...","Per capita personal income (dollars) 2/","Dollars",5809,6337,6758,7293,7779,8527,9419,10136,11084,12282,13587,15088,16963,17995,19213,21028,21945,23136,24111,26506,27985,29318,30663,31880,32754,33715,36261,39292,40799,45512,50498,58758,57523,55251,55942,60207,65682,72714,76143,75801,72179,75391,80851,88730,89131,97058,105487,111190,119731,128692
 "42034","San Rafael, CA (Metropolitan Division)", ,CAINC1,1,"...","Personal income (thousands of dollars)","Thousands of dollars",1233473,1319908,1421836,1581155,1728807,1889287,2109152,2349280,2589028,2959686,3370252,3940435,4463347,4812780,5230185,5681017,6023344,6329703,6592641,7204904,7604056,7962427,8397207,9045108,9547840,10116017,10842938,11658332,12745226,14341222,15436940,17242038,18186088,17457981,17544470,18761815,19810578,21519094,22208959,22527700,20627897,21264321,23228271,24912755,25439774,27766076,29910331,30863148,32395707,34866708
 "42034","San Rafael, CA (Metropolitan Division)", ,CAINC1,2,"...","Population (persons) 1/","Number of persons",203506,208245,207014,207699,215802,211584,216965,220963,223289,223558,222870,222944,223911,223426,223972,223232,222459,224013,224938,226013,229176,230522,233443,235820,238040,239032,239195,238705,241797,244706,246269,247520,247866,246225,245054,243769,244206,244580,246248,248398,250862,252905,255363,256072,258453,260435,261016,260633,259725,259666
 "42034","San Rafael, CA (Metropolitan Division)", ,CAINC1,3,"...","Per capita personal income (dollars) 2/","Dollars",6061,6338,6868,7613,8011,8929,9721,10632,11595,13239,15122,17675,19934,21541,23352,25449,27076,28256,29309,31878,33180,34541,35971,38356,40110,42321,45331,48840,52710,58606,62683,69659,73371,70903,71594,76966,81122,87984,90189,90692,82228,84080,90962,97288,98431,106614,114592,118416,124731,134275
 "42644","Seattle-Bellevue-Kent, WA (Metropolitan Division)", ,CAINC1,1,"...","Personal income (thousands of dollars)","Thousands of dollars",6740175,6895085,7026645,7496906,8310593,9345715,10619671,11765740,13149385,15447700,18167965,20802311,23201412,24792801,26081521,28168972,30594246,33109532,35490737,39312099,43733371,48078848,51077849,55011206,56999060,59921356,63594197,68923740,75229398,84881666,93085299,99073381,100189504,101031000,103843369,113229766,116749011,129419548,140547851,144880459,134539567,137760428,147889561,165117173,170007441,187035219,199264660,212424260,228471625,247505087
 "42644","Seattle-Bellevue-Kent, WA (Metropolitan Division)", ,CAINC1,2,"...","Population (persons) 1/","Number of persons",1405301,1422252,1417568,1401565,1405005,1418883,1434304,1447092,1469663,1509420,1558942,1617070,1651559,1667933,1676257,1696154,1729756,1766418,1811244,1865477,1922645,1988288,2025946,2071798,2109991,2135762,2165810,2200549,2252939,2299761,2326989,2348194,2376480,2390211,2399052,2418830,2450117,2493673,2531983,2569642,2618314,2653882,2696128,2743475,2791779,2843147,2896610,2954297,3007268,3048064
 "42644","Seattle-Bellevue-Kent, WA (Metropolitan Division)", ,CAINC1,3,"...","Per capita personal income (dollars) 2/","Dollars",4796,4848,4957,5349,5915,6587,7404,8131,8947,10234,11654,12864,14048,14864,15559,16608,17687,18744,19595,21073,22746,24181,25212,26552,27014,28056,29363,31321,33392,36909,40002,42191,42159,42269,43285,46812,47650,51899,55509,56382,51384,51909,54853,60185,60896,65785,68792,71903,75973,81201
 "45104","Tacoma-Lakewood, WA (Metropolitan Division)", ,CAINC1,1,"...","Personal income (thousands of dollars)","Thousands of dollars",1697754,1835969,1916172,1928228,2163850,2484024,2798862,3119030,3413626,3927031,4414611,5029397,5653187,6117588,6485232,6964788,7431111,7864369,8281742,8914701,9704072,10789189,11495500,12408864,13063770,13598639,14414153,15284211,16701813,17969055,18833613,20184083,20717279,21345966,22274888,23410203,24990116,27108369,29201704,30876967,29898169,30550013,31946268,33258186,34310408,36560068,38528404,40689898,43103444,46449056
 "45104","Tacoma-Lakewood, WA (Metropolitan Division)", ,CAINC1,2,"...","Population (persons) 1/","Number of persons",405452,412738,417622,404534,395976,415098,431972,439150,447020,461709,473189,488754,500132,509976,511842,519868,528270,534606,545019,560916,570569,590519,604759,619060,630334,638397,648820,656246,665132,679000,692662,703993,716447,728091,733969,740137,748148,763408,772484,785400,796483,795393,802976,811009,819059,828920,841706,860072,877201,891299
 "45104","Tacoma-Lakewood, WA (Metropolitan Division)", ,CAINC1,3,"...","Per capita personal income (dollars) 2/","Dollars",4187,4448,4588,4767,5465,5984,6479,7102,7636,8505,9329,10290,11303,11996,12670,13397,14067,14711,15195,15893,17008,18271,19008,20045,20725,21301,22216,23290,25111,26464,27190,28671,28917,29318,30349,31630,33403,35510,37802,39314,37538,38409,39785,41008,41890,44106,45774,47310,49137,52114
 "47664","Warren-Troy-Farmington Hills, MI (Metropolitan Division)", ,CAINC1,1,"...","Personal income (thousands of dollars)","Thousands of dollars",8463392,8629349,9452220,10599936,12045534,12881939,13739774,15748916,18261466,20795011,23053829,24548143,26325864,27183006,29140202,32959237,37039067,39853216,41617891,45173990,49347797,51688517,52385538,55903944,59400893,64697074,69374513,73519869,78088400,84844266,89402299,97070712,98851738,98245048,99870130,101879769,104512571,105987956,109120423,109564758,101431396,104081698,112653939,120056056,121516123,128577012,136832077,141322086,147157059,154357657
 "47664","Warren-Troy-Farmington Hills, MI (Metropolitan Division)", ,CAINC1,2,"...","Population (persons) 1/","Number of persons",1729757,1770000,1790791,1800991,1842144,1870980,1884431,1899899,1935029,1972820,2003636,2013412,2000563,1991099,1985552,2001605,2023195,2051711,2080391,2098022,2115591,2143071,2173852,2204967,2230999,2255989,2288433,2319620,2339726,2356606,2375535,2398248,2418688,2431300,2447217,2462057,2470785,2477207,2476124,2474446,2474192,2476438,2488306,2504929,2525489,2539768,2545119,2556103,2565440,2572549
 "47664","Warren-Troy-Farmington Hills, MI (Metropolitan Division)", ,CAINC1,3,"...","Per capita personal income (dollars) 2/","Dollars",4893,4875,5278,5886,6539,6885,7291,8289,9437,10541,11506,12192,13159,13652,14676,16466,18307,19424,20005,21532,23326,24119,24098,25354,26625,28678,30315,31695,33375,36003,37635,40476,40870,40408,40810,41380,42299,42785,44069,44279,40996,42029,45273,47928,48116,50625,53763,55288,57361,60002
 "47894","Washington-Arlington-Alexandria, DC-VA-MD-WV (Metropolitan Division) *", ,CAINC1,1,"...","Personal income (thousands of dollars)","Thousands of dollars",12721667,14356228,16102137,17666193,19230207,20867156,22833689,24786503,26978670,29944221,32845723,36704505,40677905,44051795,47383780,52801858,57537164,62344273,67448661,74621457,80470371,84945601,88801581,93932144,98752305,103644383,108112919,113476933,121203961,130428827,141511509,155438359,162710668,166954054,176044323,189849217,204253970,217602539,229634864,238325413,237356207,250953131,268744805,280004149,278322931,291894191,306384906,315481288,326182025,343757329
 "47894","Washington-Arlington-Alexandria, DC-VA-MD-WV (Metropolitan Division) *", ,CAINC1,2,"...","Population (persons) 1/","Number of persons",2524187,2573731,2615795,2665904,2676056,2681230,2691417,2704869,2707627,2729769,2735019,2755455,2799576,2832392,2869631,2924679,2982146,3049493,3117464,3183437,3237084,3273701,3321560,3370670,3415555,3461720,3502620,3550254,3595717,3650086,3722127,3801882,3888914,3956333,4013173,4080005,4143951,4181477,4227177,4286381,4371298,4467873,4552803,4633610,4706836,4764449,4816403,4864642,4914043,4955030
 "47894","Washington-Arlington-Alexandria, DC-VA-MD-WV (Metropolitan Division) *", ,CAINC1,3,"...","Per capita personal income (dollars) 2/","Dollars",5040,5578,6156,6627,7186,7783,8484,9164,9964,10970,12009,13321,14530,15553,16512,18054,19294,20444,21636,23441,24859,25948,26735,27867,28913,29940,30866,31963,33708,35733,38019,40885,41840,42199,43867,46532,49290,52040,54323,55601,54299,56168,59028,60429,59132,61265,63613,64852,66378,69375
 "48424","West Palm Beach-Boca Raton-Boynton Beach, FL (Metropolitan Division)", ,CAINC1,1,"...","Personal income (thousands of dollars)","Thousands of dollars",1491485,1730901,1970214,2278532,2705173,3126087,3408514,3833220,4369463,5168724,6190219,7594927,9273563,10078818,11531296,13102450,14770354,16229804,18019484,20232163,22927741,25448269,27542116,29425628,31386076,33089852,36018232,38980809,41273217,44887317,46809196,51757804,52885923,53848794,55766207,61743400,69464449,76455771,80694551,77917076,68786050,72210911,77249467,85062731,83831006,92512222,100031053,101946879,110544631,118519249
 "48424","West Palm Beach-Boca Raton-Boynton Beach, FL (Metropolitan Division)", ,CAINC1,2,"...","Population (persons) 1/","Number of persons",336706,352387,371531,391810,427919,456706,475043,487791,499832,518345,550912,585742,620590,645890,667449,693847,723005,753379,784835,815019,842086,871560,898852,926446,957014,988009,1013781,1040144,1069718,1096123,1116913,1135787,1160474,1191340,1218100,1252223,1278380,1284489,1286586,1294938,1307371,1323648,1336720,1355058,1376716,1399039,1424685,1451384,1470338,1485941
 "48424","West Palm Beach-Boca Raton-Boynton Beach, FL (Metropolitan Division)", ,CAINC1,3,"...","Per capita personal income (dollars) 2/","Dollars",4430,4912,5303,5815,6322,6845,7175,7858,8742,9972,11236,12966,14943,15605,17277,18884,20429,21543,22960,24824,27227,29199,30641,31762,32796,33491,35529,37476,38583,40951,41909,45570,45573,45200,45781,49307,54338,59522,62720,60171,52614,54554,57790,62774,60892,66126,70213,70241,75183,79760
 "48864","Wilmington, DE-MD-NJ (Metropolitan Division)", ,CAINC1,1,"...","Personal income (thousands of dollars)","Thousands of dollars",2283575,2445664,2653630,2891152,3177295,3444335,3644633,4015779,4333556,4772106,5268142,5945981,6549779,7059178,7503119,8271914,8972905,9387623,10105152,11063163,12307455,13083298,13742601,14329541,14911545,15444428,16271376,17244036,18087438,19851102,21162759,23240686,25756591,26610205,26856682,27503956,28166345,29759497,30446853,29889328,30063453,30477052,33028057,32967504,32927670,34233143,35654993,36248011,37757025,39679714
 "48864","Wilmington, DE-MD-NJ (Metropolitan Division)", ,CAINC1,2,"...","Population (persons) 1/","Number of persons",492101,501067,511953,516299,520311,520912,525257,525214,525952,527362,526935,523765,524844,528434,532164,536585,540197,546390,553916,564180,572925,581033,589311,596923,603155,610019,617845,624833,631360,637884,645153,652462,658323,664653,671558,678588,685567,691826,696047,700164,703897,705893,709293,712024,715063,717380,719796,721159,721830,724768
 "48864","Wilmington, DE-MD-NJ (Metropolitan Division)", ,CAINC1,3,"...","Per capita personal income (dollars) 2/","Dollars",4640,4881,5183,5600,6107,6612,6939,7646,8239,9049,9998,11352,12479,13359,14099,15416,16610,17181,18243,19609,21482,22517,23320,24006,24723,25318,26336,27598,28648,31120,32803,35620,39125,40036,39992,40531,41085,43016,43743,42689,42710,43175,46565,46301,46049,47720,49535,50264,52307,54748
"Note: See the included footnote file."
"Last updated: November 14, 2019-- new statistics for 2018; revised statistics for 1969-2017. "
"Source: U.S. Department of Commerce / Bureau of Economic Analysis / Regional Economic Accounts"
